{"name":"18f74c1e-9fe8-4492-8214-75252d5b2af4","id":"/providers/Microsoft.Flow/flows/18f74c1e-9fe8-4492-8214-75252d5b2af4","type":"Microsoft.Flow/flows","properties":{"apiId":"/providers/Microsoft.PowerApps/apis/shared_logicflows","displayName":"Vesku Nopanen - Teams Provisioning with Power Automate and Graph API","definition":{"metadata":{"workflowEntityId":null,"creator":{"id":"1892fe73-f4fd-4383-9555-e411d3faf9ea","type":"User","tenantId":"177aa8af-e591-465a-a131-2055173c4792"},"provisioningMethod":"FromDefinition","failureAlertSubscription":true,"clientLastModifiedTime":"2020-07-08T08:19:08.886064Z"},"$schema":"https://schema.management.azure.com/providers/Microsoft.Logic/schemas/2016-06-01/workflowdefinition.json#","contentVersion":"1.0.0.0","parameters":{"$connections":{"defaultValue":{},"type":"Object"},"$authentication":{"defaultValue":{},"type":"SecureObject"}},"triggers":{"When_a_Team_Request_is_added_to_SharePoint_list":{"recurrence":{"frequency":"Minute","interval":1},"splitOn":"@triggerBody()?['value']","metadata":{"flowSystemMetadata":{"swaggerOperationId":"GetOnNewItems"}},"type":"ApiConnection","inputs":{"host":{"connection":{"name":"@parameters('$connections')['shared_sharepointonline']['connectionId']"},"api":{"runtimeUrl":"https://europe-002.azure-apim.net/apim/sharepointonline"}},"method":"get","path":"/datasets/@{encodeURIComponent(encodeURIComponent('https://nopanendev.sharepoint.com/sites/Demospace'))}/tables/@{encodeURIComponent(encodeURIComponent('c0708a51-1447-498f-b9a3-12c423be8991'))}/onnewitems","authentication":"@parameters('$authentication')"}}},"actions":{"ApplicationID":{"runAfter":{"Initialize_URI":["Succeeded"]},"type":"InitializeVariable","inputs":{"variables":[{"name":"Application ID","type":"String","value":"Your app ID"}]}},"App_secret":{"runAfter":{"ApplicationID":["Succeeded"]},"type":"InitializeVariable","inputs":{"variables":[{"name":"Application Secret","type":"String","value":"Your app secret"}]}},"Tenant_ID":{"runAfter":{"App_secret":["Succeeded"]},"type":"InitializeVariable","inputs":{"variables":[{"name":"Tenant ID","type":"String","value":"Your tenantID"}]}},"Team_ID":{"runAfter":{"Tenant_ID":["Succeeded"]},"type":"InitializeVariable","inputs":{"variables":[{"name":"TeamID","type":"String","value":"nothing"}]}},"Channel_ID":{"runAfter":{"Team_ID":["Succeeded"]},"type":"InitializeVariable","inputs":{"variables":[{"name":"Channel ID","type":"String"}]}},"Account_ID":{"runAfter":{"Channel_ID":["Succeeded"]},"type":"InitializeVariable","inputs":{"variables":[{"name":"Account ID","type":"String"}]}},"Wait_for_some_time_so_team_gets_created":{"runAfter":{"Switch_to_create_team_by_template":["Succeeded"]},"type":"Wait","inputs":{"interval":{"count":5,"unit":"Second"}}},"Loop_until_team_id_is_retrieved":{"actions":{"List_teams":{"runAfter":{},"metadata":{"flowSystemMetadata":{"swaggerOperationId":"GetAllTeams"}},"type":"ApiConnection","inputs":{"host":{"connection":{"name":"@parameters('$connections')['shared_teams']['connectionId']"},"api":{"runtimeUrl":"https://europe-002.azure-apim.net/apim/teams"}},"method":"get","path":"/beta/me/joinedTeams","authentication":"@parameters('$authentication')"}},"Find_our_team":{"foreach":"@body('List_teams')?['value']","actions":{"Condition":{"actions":{"Set_variable":{"runAfter":{},"type":"SetVariable","inputs":{"name":"TeamID","value":"@items('Find_our_team')?['id']"}}},"runAfter":{},"expression":{"equals":["@items('Find_our_team')?['displayName']","@variables('Team Name')"]},"type":"If"}},"runAfter":{"List_teams":["Succeeded"]},"type":"Foreach"}},"runAfter":{"Wait_for_some_time_so_team_gets_created":["Succeeded"]},"expression":"@not(equals(variables('TeamID'), 'nothing'))","limit":{"count":60,"timeout":"PT1H"},"type":"Until"},"Private_Channel_Name":{"runAfter":{"Account_ID":["Succeeded"]},"type":"InitializeVariable","inputs":{"variables":[{"name":"Private Channel name","type":"String","value":"@triggerBody()?['PrivateChannelname']"}]}},"Set_Odata.type":{"runAfter":{"Loop_until_team_id_is_retrieved":["Succeeded"]},"type":"InitializeVariable","inputs":{"variables":[{"name":"OData.type","type":"String","value":"@@odata.type"}]}},"Team_Name":{"runAfter":{"Private_Channel_Name":["Succeeded"]},"type":"InitializeVariable","inputs":{"variables":[{"name":"Team Name","type":"string","value":"@triggerBody()?['Title']"}]}},"Get_Admin_ID":{"runAfter":{"Message_ID_for_Admin_Team_message":["Succeeded"]},"metadata":{"flowSystemMetadata":{"swaggerOperationId":"UserProfile_V2"}},"type":"ApiConnection","inputs":{"host":{"connection":{"name":"@parameters('$connections')['shared_office365users']['connectionId']"},"api":{"runtimeUrl":"https://europe-002.azure-apim.net/apim/office365users"}},"method":"get","path":"/codeless/v1.0/users/@{encodeURIComponent('youradmin@domain.com')}","authentication":"@parameters('$authentication')"}},"Get_Requester_ID":{"runAfter":{"Get_Admin_ID":["Succeeded"]},"metadata":{"flowSystemMetadata":{"swaggerOperationId":"UserProfile_V2"}},"type":"ApiConnection","inputs":{"host":{"connection":{"name":"@parameters('$connections')['shared_office365users']['connectionId']"},"api":{"runtimeUrl":"https://europe-002.azure-apim.net/apim/office365users"}},"method":"get","path":"/codeless/v1.0/users/@{encodeURIComponent(triggerBody()?['Requesteremail'])}","authentication":"@parameters('$authentication')"}},"Initialize_URI":{"runAfter":{},"type":"InitializeVariable","inputs":{"variables":[{"name":"URI","type":"String"}]}},"Is_team_Public":{"actions":{"Make_team_public":{"runAfter":{},"type":"SetVariable","inputs":{"name":"Public or Private Team","value":"Public"}}},"runAfter":{"Get_Requester_ID":["Succeeded"]},"else":{"actions":{"Make_team_private":{"runAfter":{},"type":"SetVariable","inputs":{"name":"Public or Private Team","value":"Private"}}}},"expression":{"equals":["@triggerBody()?['Teamtype']?['Value']","Public"]},"type":"If"},"Switch_to_create_team_by_template":{"runAfter":{"If_team_is_public_go_ahead_with_provisioning":["Succeeded"]},"cases":{"Project":{"case":"Project","actions":{"Create_a_new_Project_Team":{"runAfter":{},"type":"Http","inputs":{"method":"POST","uri":"https://graph.microsoft.com/beta/teams","headers":{"content-type":"application/json"},"body":{"template@odata.bind":"https://graph.microsoft.com/beta/teamsTemplates('standard')","displayName":"@{variables('Team Name')}","description":"@{triggerBody()?['Purpose']}","visibility":"@{variables('Public or Private Team')}","channels":[{"displayName":"General","description":"@{triggerBody()?['Purpose']}"},{"displayName":"Project Management","description":"@{triggerBody()?['Purpose']}","isFavoriteByDefault":true}],"memberSettings":{"allowCreateUpdateChannels":true,"allowCreatePrivateChannels":false,"allowDeleteChannels":false,"allowAddRemoveApps":false,"allowCreateUpdateRemoveTabs":true,"allowCreateUpdateRemoveConnectors":true},"funSettings":{"allowGiphy":true,"giphyContentRating":"strict","allowStickersAndMemes":false,"allowCustomMemes":false},"messagingSettings":{"allowTeamMentions":false,"allowUserDeleteMessages":false},"discoverySettings":{"showInTeamsSearchAndSuggestions":true},"owners@odata.bind":["https://graph.microsoft.com/beta/users('@{body('Get_Admin_ID')?['id']}')"]},"authentication":{"type":"ActiveDirectoryOAuth","tenant":"@variables('Tenant ID')","audience":"https://graph.microsoft.com/","clientId":"@variables('Application ID')","secret":"@variables('Application Secret')"}}}}},"Teamwork":{"case":"Teamwork","actions":{"Create_a_new_Teamwork_Team":{"runAfter":{},"type":"Http","inputs":{"method":"POST","uri":"https://graph.microsoft.com/beta/teams","headers":{"content-type":"application/json"},"body":{"template@odata.bind":"https://graph.microsoft.com/beta/teamsTemplates('standard')","displayName":"@{variables('Team Name')}","description":"@{triggerBody()?['Purpose']}","visibility":"@{variables('Public or Private Team')}","channels":[{"displayName":"General","description":"@{triggerBody()?['Purpose']}","tabs":[{"teamsApp@odata.bind":"https://graph.microsoft.com/v1.0/appCatalogs/teamsApps('com.microsoft.teamspace.tab.web')","name":"My Teams","configuration":{"contentUrl":"https://myteamsday.com","websiteUrl":"https://myteamsday.com"}},{"teamsApp@odata.bind":"https://graph.microsoft.com/v1.0/appCatalogs/teamsApps('com.microsoft.teamspace.tab.youtube')","name":"Previous Spotlight","configuration":{"contentUrl":"https://tabs.teams.microsoft.com/Youtube/Home/YoutubeTab?videoId=lIAxaQV6wT8","websiteUrl":"https://www.youtube.com/watch?v=lIAxaQV6wT8"}}]},{"displayName":"📣News and announcements 📣","isFavoriteByDefault":true,"description":"@{triggerBody()?['Purpose']}"},{"displayName":"Chit chat 🎈","isFavoriteByDefault":true,"description":"@{triggerBody()?['Purpose']}"}],"memberSettings":{"allowCreateUpdateChannels":true,"allowCreatePrivateChannels":false,"allowDeleteChannels":true,"allowAddRemoveApps":false,"allowCreateUpdateRemoveTabs":true,"allowCreateUpdateRemoveConnectors":true},"funSettings":{"allowGiphy":true,"giphyContentRating":"moderate","allowStickersAndMemes":true,"allowCustomMemes":true},"messagingSettings":{"allowTeamMentions":false,"allowUserDeleteMessages":false},"discoverySettings":{"showInTeamsSearchAndSuggestions":true},"owners@odata.bind":["https://graph.microsoft.com/v1.0/users/@{body('Get_Admin_ID')?['id']}"]},"authentication":{"type":"ActiveDirectoryOAuth","tenant":"@variables('Tenant ID')","audience":"https://graph.microsoft.com/","clientId":"@variables('Application ID')","secret":"@variables('Application Secret')"}}}}}},"default":{"actions":{}},"expression":"@triggerBody()?['Template']?['Value']","type":"Switch"},"Create_a_private_channel_or_not":{"actions":{"Set_private_channel_creation_URI":{"runAfter":{},"type":"SetVariable","inputs":{"name":"URI","value":"https://graph.microsoft.com/beta/teams/@{variables('TeamID')}/channels"}},"Create_Private_Channel":{"runAfter":{"Set_private_channel_creation_URI":["Succeeded"]},"type":"Http","inputs":{"method":"POST","uri":"@variables('URI')","headers":{"content-type":"application/json"},"body":{"membershipType":"private","displayName":"@{variables('Private Channel name')}","description":"This is a graph created private channel","members":[{"@@odata.type":"#microsoft.graph.aadUserConversationMember","user@odata.bind":"https://graph.microsoft.com/beta/users('@{body('Get_Requester_ID')?['id']}')","roles":["owner"]}]},"authentication":{"type":"ActiveDirectoryOAuth","tenant":"@variables('Tenant ID')","audience":"https://graph.microsoft.com/","clientId":"@variables('Application ID')","secret":"@variables('Application Secret')"}}}},"runAfter":{"Add_Requester_to_team":["Succeeded","Failed","Skipped","TimedOut"]},"expression":{"equals":["@triggerBody()?['CreatePrivateChannel']?['Value']","Yes"]},"type":"If"},"List_channels":{"runAfter":{"Post_information_to_Admins_that_team_has_been_created":["Succeeded"]},"metadata":{"flowSystemMetadata":{"swaggerOperationId":"GetChannelsForGroup"}},"type":"ApiConnection","inputs":{"host":{"connection":{"name":"@parameters('$connections')['shared_teams']['connectionId']"},"api":{"runtimeUrl":"https://europe-002.azure-apim.net/apim/teams"}},"method":"get","path":"/beta/groups/@{encodeURIComponent(variables('TeamID'))}/channels","authentication":"@parameters('$authentication')"}},"Loop_through_channels":{"foreach":"@body('List_channels')?['value']","actions":{"Is_general_channel":{"actions":{"Get_General_channel_ID":{"runAfter":{},"type":"SetVariable","inputs":{"name":"Channel ID","value":"@items('Loop_through_channels')?['id']"}}},"runAfter":{},"expression":{"equals":["@items('Loop_through_channels')?['displayName']","General"]},"type":"If"},"List_tabs":{"runAfter":{"Get_tabs_URI":["Succeeded"]},"type":"Http","inputs":{"method":"GET","uri":"@variables('URI')","headers":{"content-type":"application/json"},"authentication":{"type":"ActiveDirectoryOAuth","tenant":"@variables('Tenant ID')","audience":"https://graph.microsoft.com/","clientId":"@variables('Application ID')","secret":"@variables('Application Secret')"}}},"Get_tabs_URI":{"runAfter":{"Is_general_channel":["Succeeded"]},"type":"SetVariable","inputs":{"name":"URI","value":"https://graph.microsoft.com/v1.0/teams/@{variables('TeamID')}/channels/@{items('Loop_through_channels')?['id']}/tabs"}},"Parse_JSON":{"runAfter":{"List_tabs":["Succeeded"]},"type":"ParseJson","inputs":{"content":"@body('List_tabs')","schema":{"type":"object","properties":{"@@odata.context":{"type":"string"},"@@odata.count":{"type":"integer"},"value":{"type":"array","items":{"type":"object","properties":{"id":{"type":"string"},"displayName":{"type":"string"},"webUrl":{"type":"string"},"configuration":{"type":"object","properties":{"entityId":{},"contentUrl":{},"removeUrl":{},"websiteUrl":{},"wikiTabId":{"type":"integer"},"wikiDefaultTab":{"type":"boolean"},"hasContent":{"type":"boolean"}}}},"required":["id","displayName","webUrl","configuration"]}}}}}},"Loop_through_all_tabs_of_channel":{"foreach":"@body('Parse_JSON')?['value']","actions":{"Is_tab_named_Wiki":{"actions":{"Set_tab_removal_URI":{"runAfter":{},"type":"SetVariable","inputs":{"name":"URI","value":"https://graph.microsoft.com/beta/teams/@{variables('TeamID')}/channels/@{items('Loop_through_channels')?['id']}/tabs/@{items('Loop_through_all_tabs_of_channel')?['id']}"}},"Remove_tab":{"runAfter":{"Set_tab_removal_URI":["Succeeded"]},"type":"Http","inputs":{"method":"DELETE","uri":"@variables('URI')","headers":{"content-type":"application/json"},"authentication":{"type":"ActiveDirectoryOAuth","tenant":"@variables('Tenant ID')","audience":"https://graph.microsoft.com/","clientId":"@variables('Application ID')","secret":"@variables('Application Secret')"}}}},"runAfter":{},"expression":{"equals":["@items('Loop_through_all_tabs_of_channel')?['displayName']","Wiki"]},"type":"If"}},"runAfter":{"Parse_JSON":["Succeeded"]},"type":"Foreach"}},"runAfter":{"List_channels":["Succeeded"]},"type":"Foreach"},"Post_a_welcome_message_to_team":{"runAfter":{"Get_@mention_token_for_a_user":["Succeeded"]},"metadata":{"flowSystemMetadata":{"swaggerOperationId":"PostMessageToChannelV3"}},"type":"ApiConnection","inputs":{"host":{"connection":{"name":"@parameters('$connections')['shared_teams']['connectionId']"},"api":{"runtimeUrl":"https://europe-002.azure-apim.net/apim/teams"}},"method":"post","body":{"body":{"content":"<p>In here we can post a welcome message about shared practices, information about channels and tabs. We could also give infromation about the project and resources.<br>\nThis team was created by request from:<strong> </strong><strong>@{body('Get_Requester_ID')?['displayName']}</strong><strong> (  </strong><strong>@{body('Get_@mention_token_for_a_user')?['atMention']}</strong><strong>)</strong><br>\nAny question? Feel free to ask!</p>","contentType":"html"},"subject":"Welcome to your new team!"},"path":"/v3/beta/teams/@{encodeURIComponent(variables('TeamID'))}/channels/@{encodeURIComponent(variables('Channel ID'))}/messages","authentication":"@parameters('$authentication')"}},"Post_information_to_Admins_that_team_has_been_created":{"runAfter":{"Create_a_private_channel_or_not":["Succeeded"]},"metadata":{"flowSystemMetadata":{"swaggerOperationId":"PostReplyToMessageV2"}},"type":"ApiConnection","inputs":{"host":{"connection":{"name":"@parameters('$connections')['shared_teams']['connectionId']"},"api":{"runtimeUrl":"https://europe-002.azure-apim.net/apim/teams"}},"method":"post","body":{"body":{"content":"<p>Team @{variables('Team Name')} has now been <strong>CREATED</strong>.</p>","contentType":"html"}},"path":"/v2/beta/teams/@{encodeURIComponent('6bb60b53-fb07-4e60-8480-ee933589d391')}/channels/@{encodeURIComponent('19:fa986b62f56e4523a6c275f6fb2e5a48@thread.skype')}/messages/@{encodeURIComponent(variables('AdminMsgID'))}/replies","authentication":"@parameters('$authentication')"}},"Initialize_Public_or_private":{"runAfter":{"Team_Name":["Succeeded"]},"type":"InitializeVariable","inputs":{"variables":[{"name":"Public or Private Team","type":"string"}]}},"Initialize_All_Admins_variable":{"runAfter":{"Initialize_Public_or_private":["Succeeded"]},"type":"InitializeVariable","inputs":{"variables":[{"name":"All Admins","type":"String"}]}},"Message_ID_for_Admin_Team_message":{"runAfter":{"Initialize_All_Admins_variable":["Succeeded"]},"type":"InitializeVariable","inputs":{"variables":[{"name":"AdminMsgID","type":"String"}]}},"Post_an_Adaptive_Card_to_a_Teams_user_and_wait_for_a_response":{"runAfter":{"Is_team_Public":["Succeeded"]},"metadata":{"flowSystemMetadata":{"swaggerOperationId":"SubscribeUserFlowContinuation"}},"type":"ApiConnectionWebhook","inputs":{"host":{"connection":{"name":"@parameters('$connections')['shared_teams_1']['connectionId']"},"api":{"runtimeUrl":"https://europe-002.azure-apim.net/apim/teams"}},"body":{"notificationUrl":"@{listCallbackUrl()}","body":{"recipient":{"to":"@body('Get_Requester_ID')?['userPrincipalName']","summary":"Add more information to@{triggerBody()?['Title']}","isAlert":true},"messageBody":"{\"$schema\":\"http://adaptivecards.io/schemas/adaptive-card.json\",\"type\":\"AdaptiveCard\",\"version\":\"1.2\",\"body\":[{\"type\":\"TextBlock\",\"text\":\"**What is the expected lifecycle for team: @{variables('Team Name')}?**\",\"weight\":\"Bolder\",\"size\":\"Medium\"},{\"type\":\"TextBlock\",\"text\":\"Enter number of months (ie: 12) or permanent for organizational teams\",\"isSubtle\":true,\"wrap\":true},{\"type\":\"Input.Text\",\"id\":\"lifecycle\",\"spacing\":\"None\"}],\"actions\":[{\"type\":\"Action.Submit\",\"title\":\"Submit\"}],\"-ms-tokens\":{}}","updateMessage":"Thank you!","shouldUpdateCard":true}},"path":"/flowbot/actions/flowcontinuation/recipienttypes/user/$subscriptions","authentication":"@parameters('$authentication')"}},"Update_item":{"runAfter":{"Post_an_Adaptive_Card_to_a_Teams_user_and_wait_for_a_response":["Succeeded"]},"metadata":{"flowSystemMetadata":{"swaggerOperationId":"PatchItem"}},"type":"ApiConnection","inputs":{"host":{"connection":{"name":"@parameters('$connections')['shared_sharepointonline']['connectionId']"},"api":{"runtimeUrl":"https://europe-002.azure-apim.net/apim/sharepointonline"}},"method":"patch","body":{"Title":"@triggerBody()?['Title']","Teamtype":{"Value":"@variables('Public or Private Team')"},"Template":{"Value":"@triggerBody()?['Template']?['Value']"},"Lifecycle":"@body('Post_an_Adaptive_Card_to_a_Teams_user_and_wait_for_a_response')?['data']?['lifecycle']","CostCenter":{"Value":"@triggerBody()?['CostCenter']?['Value']"},"CreatePrivateChannel":{"Value":"@triggerBody()?['CreatePrivateChannel']?['Value']"}},"path":"/datasets/@{encodeURIComponent(encodeURIComponent('https://nopanendev.sharepoint.com/sites/Demospace'))}/tables/@{encodeURIComponent(encodeURIComponent('c0708a51-1447-498f-b9a3-12c423be8991'))}/items/@{encodeURIComponent(triggerBody()?['ID'])}","authentication":"@parameters('$authentication')"}},"Initialize_variable":{"runAfter":{"Set_Odata.type":["Succeeded"]},"type":"InitializeVariable","inputs":{"variables":[{"name":"odata.id","type":"string","value":"@@odata.id"}]}},"Add_Requester_to_team":{"actions":{"Set_Admin_add_URI":{"runAfter":{},"type":"SetVariable","inputs":{"name":"URI","value":"https://graph.microsoft.com/v1.0/groups/@{variables('TeamID')}/members/$ref"}},"Set_Requester_owner_URI":{"runAfter":{"Add_Requster":["Succeeded"]},"type":"SetVariable","inputs":{"name":"URI","value":"https://graph.microsoft.com/v1.0/groups/@{variables('TeamID')}/owners/$ref"}},"Add_Requester_as_owner":{"runAfter":{"Set_Requester_owner_URI":["Succeeded"]},"type":"Http","inputs":{"method":"POST","uri":"@variables('URI')","headers":{"content-type":"application/json"},"body":{"@{variables('odata.id')}":"https://graph.microsoft.com/v1.0/users/@{body('Get_Requester_ID')?['id']}"},"authentication":{"type":"ActiveDirectoryOAuth","tenant":"@variables('Tenant ID')","audience":"https://graph.microsoft.com/","clientId":"@variables('Application ID')","secret":"@variables('Application Secret')"}}},"Add_Requster":{"runAfter":{"Set_Admin_add_URI":["Succeeded"]},"type":"Http","inputs":{"method":"POST","uri":"@variables('URI')","headers":{"content-type":"application/json"},"body":{"@{variables('odata.id')}":"https://graph.microsoft.com/v1.0/users/@{body('Get_Requester_ID')?['id']}"},"authentication":{"type":"ActiveDirectoryOAuth","tenant":"@variables('Tenant ID')","audience":"https://graph.microsoft.com/","clientId":"@variables('Application ID')","secret":"@variables('Application Secret')"}}}},"runAfter":{"Delay_and_wait_for_channel_creation_to_finish":["Succeeded"]},"type":"Scope"},"Set_channel_creation_URI":{"runAfter":{"Initialize_variable":["Succeeded"]},"type":"SetVariable","inputs":{"name":"URI","value":"https://graph.microsoft.com/beta/teams/@{variables('TeamID')}/channels"}},"Create_Coffeeroom_Channel":{"runAfter":{"Set_channel_creation_URI":["Succeeded"]},"type":"Http","inputs":{"method":"POST","uri":"@variables('URI')","headers":{"content-type":"application/json"},"body":{"displayName":"Coffeeroom ☕","description":"Virtual Coffee room","isFavoriteByDefault":true,"membershipType":"standard"},"authentication":{"type":"ActiveDirectoryOAuth","tenant":"@variables('Tenant ID')","audience":"https://graph.microsoft.com/","clientId":"@variables('Application ID')","secret":"@variables('Application Secret')"}}},"Delay_and_wait_for_channel_creation_to_finish":{"runAfter":{"Create_Coffeeroom_Channel":["Succeeded"]},"type":"Wait","inputs":{"interval":{"count":1,"unit":"Minute"}}},"If_team_is_public_go_ahead_with_provisioning":{"actions":{"Store_admin_message_id":{"runAfter":{"Post_info_to_admin":["Succeeded"]},"type":"SetVariable","inputs":{"name":"AdminMsgID","value":"@{body('Post_info_to_admin')?['id']}"}},"Post_info_to_admin":{"runAfter":{},"metadata":{"flowSystemMetadata":{"swaggerOperationId":"PostChannelNotification"}},"type":"ApiConnection","inputs":{"host":{"connection":{"name":"@parameters('$connections')['shared_teams']['connectionId']"},"api":{"runtimeUrl":"https://europe-002.azure-apim.net/apim/teams"}},"method":"post","body":{"recipient":{"channelId":"19:fa986b62f56e4523a6c275f6fb2e5a48@thread.skype"},"messageBody":"**A new team order request**\n- **Team Name:  @{triggerBody()?['Title']}**\n- **Type:  @{triggerBody()?['Teamtype']?['Value']}**\n- from: @{body('Get_Requester_ID')?['displayName']} ( @{body('Get_Requester_ID')?['mail']} )\n- Purpose:  @{triggerBody()?['Purpose']}\n- Template:  @{triggerBody()?['Template']?['Value']}\n- Private Channel: @{triggerBody()?['CreatePrivateChannel']?['Value']} ( @{triggerBody()?['PrivateChannelName']} )\n\n[Link to order information](@{triggerBody()?['{Link}']}) \n"},"path":"/flowbot/actions/notification/recipienttypes/channel","queries":{"groupId":"6bb60b53-fb07-4e60-8480-ee933589d391"},"authentication":"@parameters('$authentication')"}}},"runAfter":{"Update_item":["Succeeded"]},"else":{"actions":{"List_group_members":{"runAfter":{},"metadata":{"flowSystemMetadata":{"swaggerOperationId":"ListGroupMembers"}},"type":"ApiConnection","inputs":{"host":{"connection":{"name":"@parameters('$connections')['shared_office365groups']['connectionId']"},"api":{"runtimeUrl":"https://europe-002.azure-apim.net/apim/office365groups"}},"method":"get","path":"/v1.0/groups/@{encodeURIComponent('3af4715b-1e7b-4b27-9b60-004a937f5ff8')}/members","authentication":"@parameters('$authentication')"}},"Create_an_approval":{"runAfter":{"Add_first_100_admins_as_approvers":["Succeeded"]},"metadata":{"flowSystemMetadata":{"swaggerOperationId":"CreateAnApproval"}},"type":"ApiConnection","inputs":{"host":{"connection":{"name":"@parameters('$connections')['shared_approvals']['connectionId']"},"api":{"runtimeUrl":"https://europe-002.azure-apim.net/apim/approvals"}},"method":"post","body":{"title":"Private team creation: @{triggerBody()?['Title']}","assignedTo":"@variables('All Admins')","details":"**Team name**: @{triggerBody()?['Title']} \n\n**From**: @{body('Get_Requester_ID')?['displayName']}\n\n**Email**: @{body('Get_Requester_ID')?['mail']}\n\n**Purpose**: @{triggerBody()?['Purpose']}\n\n**Template**: @{triggerBody()?['Template']?['Value']}\n\n**Private channel**: @{triggerBody()?['CreatePrivateChannel']?['Value']}( @{triggerBody()?['PrivateChannelName']})","itemLink":"@triggerBody()?['{Link}']","itemLinkDescription":"Team order information","requestor":"@body('Get_Requester_ID')?['mail']","enableNotifications":true,"enableReassignment":true},"path":"/types/@{encodeURIComponent('Basic')}","authentication":"@parameters('$authentication')"}},"Add_first_100_admins_as_approvers":{"foreach":"@body('List_group_members')?['value']","actions":{"Append_to_string_variable":{"runAfter":{},"type":"AppendToStringVariable","inputs":{"name":"All Admins","value":"@{items('Add_first_100_admins_as_approvers')?['mail']}; "}}},"runAfter":{"List_group_members":["Succeeded"]},"type":"Foreach"},"Ask_for_approval_in_Team_channel":{"runAfter":{"Create_an_approval":["Succeeded"]},"metadata":{"flowSystemMetadata":{"swaggerOperationId":"PostChannelAdaptiveCard"}},"type":"ApiConnection","inputs":{"host":{"connection":{"name":"@parameters('$connections')['shared_teams']['connectionId']"},"api":{"runtimeUrl":"https://europe-002.azure-apim.net/apim/teams"}},"method":"post","body":{"recipient":{"channelId":"19:fa986b62f56e4523a6c275f6fb2e5a48@thread.skype"},"messageBody":"@body('Create_an_approval')?['adaptiveCard']"},"path":"/flowbot/actions/adaptivecard/recipienttypes/channel","queries":{"groupId":"6bb60b53-fb07-4e60-8480-ee933589d391"},"authentication":"@parameters('$authentication')"}},"Store_message_id":{"runAfter":{"Ask_for_approval_in_Team_channel":["Succeeded"]},"type":"SetVariable","inputs":{"name":"AdminMsgID","value":"@body('Ask_for_approval_in_Team_channel')?['id']"}},"Wait_for_an_approval":{"runAfter":{"Store_message_id":["Succeeded"]},"metadata":{"flowSystemMetadata":{"swaggerOperationId":"WaitForAnApproval"}},"type":"ApiConnectionWebhook","inputs":{"host":{"connection":{"name":"@parameters('$connections')['shared_approvals']['connectionId']"},"api":{"runtimeUrl":"https://europe-002.azure-apim.net/apim/approvals"}},"body":{"notificationUrl":"@{listCallbackUrl()}"},"path":"/approvals/@{encodeURIComponent(body('Create_an_approval')?['name'])}/subscriptions","authentication":"@parameters('$authentication')"}},"Is_approved_or_rejected":{"actions":{"Apply_to_each_2":{"foreach":"@body('Wait_for_an_approval')?['responses']","actions":{"Post_info_about_approval":{"runAfter":{},"metadata":{"flowSystemMetadata":{"swaggerOperationId":"PostReplyToMessageV2"}},"type":"ApiConnection","inputs":{"host":{"connection":{"name":"@parameters('$connections')['shared_teams']['connectionId']"},"api":{"runtimeUrl":"https://europe-002.azure-apim.net/apim/teams"}},"method":"post","body":{"body":{"content":"<p>Approved by @{items('Apply_to_each_2')?['responder']?['displayName']}<br>\n@{items('Apply_to_each_2')?['comments']}</p>","contentType":"html"}},"path":"/v2/beta/teams/@{encodeURIComponent('6bb60b53-fb07-4e60-8480-ee933589d391')}/channels/@{encodeURIComponent('19:fa986b62f56e4523a6c275f6fb2e5a48@thread.skype')}/messages/@{encodeURIComponent(variables('AdminMsgID'))}/replies","authentication":"@parameters('$authentication')"}}},"runAfter":{},"type":"Foreach"}},"runAfter":{"Wait_for_an_approval":["Succeeded"]},"else":{"actions":{"Terminate":{"runAfter":{"Apply_to_each":["Succeeded"]},"type":"Terminate","inputs":{"runStatus":"Succeeded"}},"Apply_to_each":{"foreach":"@body('Wait_for_an_approval')?['responses']","actions":{"Reply_to_admin_message":{"runAfter":{},"metadata":{"flowSystemMetadata":{"swaggerOperationId":"PostReplyToMessageV2"}},"type":"ApiConnection","inputs":{"host":{"connection":{"name":"@parameters('$connections')['shared_teams']['connectionId']"},"api":{"runtimeUrl":"https://europe-002.azure-apim.net/apim/teams"}},"method":"post","body":{"body":{"content":"<p>Not approved. Exiting process.<br>\n<br>\n@{items('Apply_to_each')?['responder']?['displayName']}<br>\n<br>\n@{items('Apply_to_each')?['comments']}</p>","contentType":"html"}},"path":"/v2/beta/teams/@{encodeURIComponent('6bb60b53-fb07-4e60-8480-ee933589d391')}/channels/@{encodeURIComponent('19:fa986b62f56e4523a6c275f6fb2e5a48@thread.skype')}/messages/@{encodeURIComponent(variables('AdminMsgID'))}/replies","authentication":"@parameters('$authentication')"}},"Send_user_a_message_about_reject":{"runAfter":{"Reply_to_admin_message":["Succeeded"]},"metadata":{"flowSystemMetadata":{"swaggerOperationId":"PostUserNotification"}},"type":"ApiConnection","inputs":{"host":{"connection":{"name":"@parameters('$connections')['shared_teams']['connectionId']"},"api":{"runtimeUrl":"https://europe-002.azure-apim.net/apim/teams"}},"method":"post","body":{"messageTitle":"Team order for @{triggerBody()?['Title']} is rejected","recipient":{"to":"@{body('Get_Requester_ID')?['mail']};","summary":"Sorry - your team request for \"@{triggerBody()?['Title']}\" is rejected.","isAlert":true},"messageBody":"Your order for team wasn't approved. \n\nHave a nice day!"},"path":"/flowbot/actions/notification/recipienttypes/user","authentication":"@parameters('$authentication')"}}},"runAfter":{},"type":"Foreach"}}},"expression":{"equals":["@body('Wait_for_an_approval')?['outcome']","Approve"]},"type":"If"}}},"expression":{"equals":["@variables('Public or Private Team')","Public"]},"type":"If"},"Get_@mention_token_for_a_user":{"runAfter":{"Loop_through_channels":["Succeeded"]},"metadata":{"flowSystemMetadata":{"swaggerOperationId":"AtMentionUser"}},"type":"ApiConnection","inputs":{"host":{"connection":{"name":"@parameters('$connections')['shared_teams_1']['connectionId']"},"api":{"runtimeUrl":"https://europe-002.azure-apim.net/apim/teams"}},"method":"get","path":"/v1.0/users/@{encodeURIComponent(body('Get_Requester_ID')?['mail'])}","authentication":"@parameters('$authentication')"}}}},"connectionReferences":{"shared_teams":{"connectionName":"shared-teams-e8c6f211-dc01-4fab-9c78-bfd5923f7936","source":"Embedded","id":"/providers/Microsoft.PowerApps/apis/shared_teams","tier":"NotSpecified"},"shared_office365users":{"connectionName":"shared-office365user-3edf687f-9999-480b-b64d-7124ed5b3c0a","source":"Embedded","id":"/providers/Microsoft.PowerApps/apis/shared_office365users","tier":"NotSpecified"},"shared_teams_1":{"connectionName":"shared-teams-ea9e51d4-b761-4782-ad4c-6b8340e927eb","source":"Embedded","id":"/providers/Microsoft.PowerApps/apis/shared_teams","tier":"NotSpecified"},"shared_sharepointonline":{"connectionName":"shared-sharepointonl-43957126-65c4-43be-957f-61a337837a3b","source":"Embedded","id":"/providers/Microsoft.PowerApps/apis/shared_sharepointonline","tier":"NotSpecified"},"shared_office365groups":{"connectionName":"shared-office365grou-186db3b8-911d-4d19-9c63-0ddcad06579b","source":"Embedded","id":"/providers/Microsoft.PowerApps/apis/shared_office365groups","tier":"NotSpecified"},"shared_approvals":{"connectionName":"shared-approvals-7858098d-8dc4-4bcb-af74-16eb50dfce0f","source":"Embedded","id":"/providers/Microsoft.PowerApps/apis/shared_approvals","tier":"NotSpecified"}},"flowFailureAlertSubscribed":false}}